patient-id,nodule_id,ct_nifti_file,coordX,coordY,coordZ,w,h,d,Malignant_lbl,benchmark_split
DLCS_0001,DLCS_0001_01,DLCS_0001.nii.gz,-106.552734375,-63.837890625,-211.6771850585937,4.39453125,4.39453125,4.296875,0,train
DLCS_0001,DLCS_0001_02,DLCS_0001.nii.gz,88.6962890625,39.4775390625,-126.09124755859376,6.240234375,6.240234375,6.25,0,train
DLCS_0002,DLCS_0002_01,DLCS_0002.nii.gz,-29.0390625,-129.443359375,-159.28436279296875,4.74609375,4.921875,4.84375,0,train
